{
  "model": "openai/gpt-4o-mini",
  "overall_accuracy": {
    "rule_based": 0.33333333333333337,
    "zero_shot_llm": 0.7666666666666666,
    "langgraph_agent": 0.7666666666666666
  },
  "rule_based_tier_accuracy": {
    "1": 0.7,
    "2": 0.09999999999999998,
    "3": 0.19999999999999996
  },
  "zero_shot_llm_tier_accuracy": {
    "1": 1.0,
    "2": 0.7,
    "3": 0.6
  },
  "langgraph_agent_tier_accuracy": {
    "1": 1.0,
    "2": 0.7,
    "3": 0.6
  }
}