{
  "model": "google/gemma-3-27b-it",
  "overall_accuracy": {
    "rule_based": 0.36,
    "zero_shot_llm": 0.8,
    "langgraph_agent": 0.77
  },
  "rule_based_tier_accuracy": {
    "1": 0.7,
    "2": 0.1333333333333333,
    "3": 0.1333333333333333
  },
  "zero_shot_llm_tier_accuracy": {
    "1": 0.95,
    "2": 0.8,
    "3": 0.6
  },
  "langgraph_agent_tier_accuracy": {
    "1": 0.95,
    "2": 0.7666666666666666,
    "3": 0.5333333333333333
  }
}