{
  "model": "anthropic/claude-sonnet-4.6",
  "overall_accuracy": {
    "rule_based": 0.36,
    "zero_shot_llm": 0.84,
    "langgraph_agent": 0.86
  },
  "rule_based_tier_accuracy": {
    "1": 0.7,
    "2": 0.1333333333333333,
    "3": 0.1333333333333333
  },
  "zero_shot_llm_tier_accuracy": {
    "1": 1.0,
    "2": 0.7666666666666666,
    "3": 0.7
  },
  "langgraph_agent_tier_accuracy": {
    "1": 1.0,
    "2": 0.7666666666666666,
    "3": 0.7666666666666666
  }
}