{
  "model": "anthropic/claude-sonnet-4.6",
  "overall_accuracy": {
    "rule_based": 0.8780487804878049,
    "always_local": 0.52,
    "zero_shot_llm": 0.72,
    "few_shot_llm": 0.74,
    "cot_llm": 0.73,
    "langgraph_agent": 0.71
  },
  "coverage": {
    "rule_based": 0.41,
    "always_local": 1.0,
    "zero_shot_llm": 1.0,
    "few_shot_llm": 1.0,
    "cot_llm": 1.0,
    "langgraph_agent": 1.0
  },
  "rule_based_tier_accuracy": {
    "1": 0.9,
    "2": 0.9666666666666667,
    "3": 1.0
  },
  "rule_based_uncertain_rate": {
    "1": 0.2,
    "2": 0.8333333333333334,
    "3": 0.8666666666666667
  },
  "always_local_tier_accuracy": {
    "1": 0.5,
    "2": 0.6333333333333333,
    "3": 0.43333333333333335
  },
  "always_local_uncertain_rate": {
    "1": 0.0,
    "2": 0.0,
    "3": 0.0
  },
  "zero_shot_llm_tier_accuracy": {
    "1": 1.0,
    "2": 0.7333333333333334,
    "3": 0.33333333333333337
  },
  "zero_shot_llm_uncertain_rate": {
    "1": 0.0,
    "2": 0.0,
    "3": 0.0
  },
  "few_shot_llm_tier_accuracy": {
    "1": 1.0,
    "2": 0.8666666666666667,
    "3": 0.2666666666666667
  },
  "few_shot_llm_uncertain_rate": {
    "1": 0.0,
    "2": 0.0,
    "3": 0.0
  },
  "cot_llm_tier_accuracy": {
    "1": 1.0,
    "2": 0.8,
    "3": 0.30000000000000004
  },
  "cot_llm_uncertain_rate": {
    "1": 0.0,
    "2": 0.0,
    "3": 0.0
  },
  "langgraph_agent_tier_accuracy": {
    "1": 1.0,
    "2": 0.7333333333333334,
    "3": 0.30000000000000004
  },
  "langgraph_agent_uncertain_rate": {
    "1": 0.0,
    "2": 0.0,
    "3": 0.0
  }
}