{
  "model": "meta-llama/llama-3-8b-instruct",
  "overall_accuracy": {
    "rule_based": 0.36,
    "zero_shot_llm": 0.76,
    "langgraph_agent": 0.8
  },
  "rule_based_tier_accuracy": {
    "1": 0.7,
    "2": 0.1333333333333333,
    "3": 0.1333333333333333
  },
  "zero_shot_llm_tier_accuracy": {
    "1": 0.975,
    "2": 0.6666666666666667,
    "3": 0.5666666666666667
  },
  "langgraph_agent_tier_accuracy": {
    "1": 1.0,
    "2": 0.7666666666666666,
    "3": 0.5666666666666667
  }
}